nodes,x,y,time,wall_time
16,160000,10000,30.89,30.904123259
8,80000,10000,32.43,32.435579768
4,40000,10000,30.51,30.523221673
2,20000,10000,31.11,31.121909348
1,10000,10000,33.84,33.846375133
