nodes,x,y,time,wall_time
16,10000,10000,4.12,4.131828992
8,10000,10000,6.02,6.030566711
4,10000,10000,10.40,10.413220995
2,10000,10000,16.82,16.828460719
1,10000,10000,31.25,31.256881080
