nodes,x,y,time,wall_time
16,160000,10000,21.91,21.924446131
8,80000,10000,21.54,21.552334437
4,40000,10000,22.68,22.689892543
2,20000,10000,21.01,21.026961178
1,10000,10000,25.36,25.371416018
