nodes,x,y,time,wall_time
16,160000,10000,31.59,31.597440074
8,80000,10000,31.19,31.203977061
4,40000,10000,30.75,30.761734020
2,20000,10000,31.14,31.145013155
1,10000,10000,31.42,31.424901220
