nodes,x,y,time,wall_time
16,10000,10000,5.11,5.121980969
8,10000,10000,8.88,8.888395650
4,10000,10000,13.69,13.698762180
2,10000,10000,18.26,18.269961127
1,10000,10000,32.93,32.939341679
