nodes,x,y,time,wall_time
16,10000,10000,4.77,4.781130916
8,10000,10000,6.13,6.142554264
4,10000,10000,10.61,10.621253434
2,10000,10000,13.58,13.595017075
1,10000,10000,23.17,23.187846902
