threads,time,wall_time
1,227.28,227.292428803
2,126.29,126.295397093
4,75.19,75.201230087
8,54.39,54.399725024
16,43.61,43.620185489
32,22.49,22.497719891
56,12.97,12.980401646
84,9.09,9.105173943
112,7.27,7.277631922
